Shortname,Symbol,Category,Combined
3M Company,MMM,Industrial,3M Company - MMM
A.O. Smith Corporation,AOS,Industrial,A.O. Smith Corporation - AOS
Abbott Laboratories,ABT,Health Care,Abbott Laboratories - ABT
AbbVie Inc.,ABBV,Health Care,AbbVie Inc. - ABBV
Accenture plc,ACN,Information Technology,Accenture plc - ACN
Adobe Inc.,ADBE,Information Technology,Adobe Inc. - ADBE
"Advanced Micro Devices, Inc.",AMD,Information Technology,"Advanced Micro Devices, Inc. - AMD"
AFLAC Incorporated,AFL,Financial,AFLAC Incorporated - AFL
"Agilent Technologies, Inc.",A,Health Care,"Agilent Technologies, Inc. - A"
"Air Products and Chemicals, Inc",APD,Materials,"Air Products and Chemicals, Inc - APD"
"Airbnb, Inc.",ABNB,Travel,"Airbnb, Inc. - ABNB"
"Akamai Technologies, Inc.",AKAM,Information Technology,"Akamai Technologies, Inc. - AKAM"
Albemarle Corporation,ALB,Materials,Albemarle Corporation - ALB
Alexandria Real Estate Equities,ARE,Real Estate,Alexandria Real Estate Equities - ARE
"Align Technology, Inc.",ALGN,Health Care,"Align Technology, Inc. - ALGN"
Allegion plc,ALLE,Industrial,Allegion plc - ALLE
Alliant Energy Corporation,LNT,Utilities,Alliant Energy Corporation - LNT
Allstate Corporation (The),ALL,Financial,Allstate Corporation (The) - ALL
Alphabet Inc.,GOOG,Information Technology,Alphabet Inc. - GOOG
Alphabet Inc.,GOOGL,Information Technology,Alphabet Inc. - GOOGL
"Altria Group, Inc.",MO,Consumer,"Altria Group, Inc. - MO"
"Amazon.com, Inc.",AMZN,Consumer,"Amazon.com, Inc. - AMZN"
Amcor plc,AMCR,Materials,Amcor plc - AMCR
Ameren Corporation,AEE,Utilities,Ameren Corporation - AEE
"American Airlines Group, Inc.",AAL,Travel,"American Airlines Group, Inc. - AAL"
American Electric Power Company,AEP,Utilities,American Electric Power Company - AEP
American Express Company,AXP,Financial,American Express Company - AXP
"American International Group, I",AIG,Financial,"American International Group, I - AIG"
American Tower Corporation (REI,AMT,Real Estate,American Tower Corporation (REI - AMT
"American Water Works Company, I",AWK,Utilities,"American Water Works Company, I - AWK"
"Ameriprise Financial, Inc.",AMP,Financial,"Ameriprise Financial, Inc. - AMP"
"AMETEK, Inc.",AME,Industrial,"AMETEK, Inc. - AME"
Amgen Inc.,AMGN,Health Care,Amgen Inc. - AMGN
Amphenol Corporation,APH,Information Technology,Amphenol Corporation - APH
"Analog Devices, Inc.",ADI,Information Technology,"Analog Devices, Inc. - ADI"
"ANSYS, Inc.",ANSS,Information Technology,"ANSYS, Inc. - ANSS"
Aon plc,AON,Financial,Aon plc - AON
APA Corporation,APA,Utilities,APA Corporation - APA
Apple Inc.,AAPL,Consumer,Apple Inc. - AAPL
"Applied Materials, Inc.",AMAT,Information Technology,"Applied Materials, Inc. - AMAT"
Aptiv PLC,APTV,Consumer,Aptiv PLC - APTV
Arch Capital Group Ltd.,ACGL,Financial,Arch Capital Group Ltd. - ACGL
Archer-Daniels-Midland Company,ADM,Consumer,Archer-Daniels-Midland Company - ADM
"Arista Networks, Inc.",ANET,Information Technology,"Arista Networks, Inc. - ANET"
Arthur J. Gallagher & Co.,AJG,Financial,Arthur J. Gallagher & Co. - AJG
"Assurant, Inc.",AIZ,Financial,"Assurant, Inc. - AIZ"
AT&T Inc.,T,Information Technology,AT&T Inc. - T
Atmos Energy Corporation,ATO,Utilities,Atmos Energy Corporation - ATO
"Autodesk, Inc.",ADSK,Information Technology,"Autodesk, Inc. - ADSK"
"Automatic Data Processing, Inc.",ADP,Industrial,"Automatic Data Processing, Inc. - ADP"
"AutoZone, Inc.",AZO,Consumer,"AutoZone, Inc. - AZO"
"AvalonBay Communities, Inc.",AVB,Real Estate,"AvalonBay Communities, Inc. - AVB"
Avery Dennison Corporation,AVY,Materials,Avery Dennison Corporation - AVY
"Axon Enterprise, Inc.",AXON,Industrial,"Axon Enterprise, Inc. - AXON"
Baker Hughes Company,BKR,Utilities,Baker Hughes Company - BKR
Ball Corporation,BALL,Materials,Ball Corporation - BALL
Bank of America Corporation,BAC,Financial,Bank of America Corporation - BAC
"Bath & Body Works, Inc.",BBWI,Consumer,"Bath & Body Works, Inc. - BBWI"
Baxter International Inc.,BAX,Health Care,Baxter International Inc. - BAX
"Becton, Dickinson and Company",BDX,Health Care,"Becton, Dickinson and Company - BDX"
Berkshire Hathaway Inc. New,BRK-B,Real Estate,Berkshire Hathaway Inc. New - BRK-B
"Best Buy Co., Inc.",BBY,Consumer,"Best Buy Co., Inc. - BBY"
Biogen Inc.,BIIB,Health Care,Biogen Inc. - BIIB
"Bio-Rad Laboratories, Inc.",BIO,Health Care,"Bio-Rad Laboratories, Inc. - BIO"
Bio-Techne Corp,TECH,Health Care,Bio-Techne Corp - TECH
"BlackRock, Inc.",BLK,Financial,"BlackRock, Inc. - BLK"
Blackstone Inc.,BX,Financial,Blackstone Inc. - BX
Boeing Company (The),BA,Industrial,Boeing Company (The) - BA
Booking Holdings Inc. Common St,BKNG,Consumer,Booking Holdings Inc. Common St - BKNG
BorgWarner Inc.,BWA,Consumer,BorgWarner Inc. - BWA
"Boston Properties, Inc.",BXP,Real Estate,"Boston Properties, Inc. - BXP"
Boston Scientific Corporation,BSX,Health Care,Boston Scientific Corporation - BSX
Bristol-Myers Squibb Company,BMY,Health Care,Bristol-Myers Squibb Company - BMY
Broadcom Inc.,AVGO,Information Technology,Broadcom Inc. - AVGO
"Broadridge Financial Solutions,",BR,Financial,"Broadridge Financial Solutions, - BR"
"Brown & Brown, Inc.",BRO,Financial,"Brown & Brown, Inc. - BRO"
Brown Forman Inc,BF-B,Consumer,Brown Forman Inc - BF-B
"Builders FirstSource, Inc.",BLDR,Industrial,"Builders FirstSource, Inc. - BLDR"
Bunge Limited,BG,Consumer,Bunge Limited - BG
"C.H. Robinson Worldwide, Inc.",CHRW,Industrial,"C.H. Robinson Worldwide, Inc. - CHRW"
"Cadence Design Systems, Inc.",CDNS,Information Technology,"Cadence Design Systems, Inc. - CDNS"
"Caesars Entertainment, Inc.",CZR,Consumer,"Caesars Entertainment, Inc. - CZR"
Camden Property Trust,CPT,Real Estate,Camden Property Trust - CPT
Campbell Soup Company,CPB,Consumer,Campbell Soup Company - CPB
Capital One Financial Corporati,COF,Financial,Capital One Financial Corporati - COF
"Cardinal Health, Inc.",CAH,Health Care,"Cardinal Health, Inc. - CAH"
CarMax Inc,KMX,Consumer,CarMax Inc - KMX
Carnival Corporation,CCL,Consumer,Carnival Corporation - CCL
Carrier Global Corporation,CARR,Industrial,Carrier Global Corporation - CARR
"Catalent, Inc.",CTLT,Health Care,"Catalent, Inc. - CTLT"
"Caterpillar, Inc.",CAT,Industrial,"Caterpillar, Inc. - CAT"
"Cboe Global Markets, Inc.",CBOE,Financial,"Cboe Global Markets, Inc. - CBOE"
CBRE Group Inc,CBRE,Real Estate,CBRE Group Inc - CBRE
CDW Corporation,CDW,Information Technology,CDW Corporation - CDW
Celanese Corporation,CE,Materials,Celanese Corporation - CE
"Cencora, Inc.",COR,Health Care,"Cencora, Inc. - COR"
Centene Corporation,CNC,Health Care,Centene Corporation - CNC
"CenterPoint Energy, Inc (Holdin",CNP,Utilities,"CenterPoint Energy, Inc (Holdin - CNP"
"CF Industries Holdings, Inc.",CF,Materials,"CF Industries Holdings, Inc. - CF"
Charles River Laboratories Inte,CRL,Health Care,Charles River Laboratories Inte - CRL
Charles Schwab Corporation (The,SCHW,Financial,Charles Schwab Corporation (The - SCHW
"Charter Communications, Inc.",CHTR,Information Technology,"Charter Communications, Inc. - CHTR"
Chevron Corporation,CVX,Energy,Chevron Corporation - CVX
"Chipotle Mexican Grill, Inc.",CMG,Consumer,"Chipotle Mexican Grill, Inc. - CMG"
Chubb Limited,CB,Financial,Chubb Limited - CB
"Church & Dwight Company, Inc.",CHD,Consumer,"Church & Dwight Company, Inc. - CHD"
Cincinnati Financial Corporatio,CINF,Financial,Cincinnati Financial Corporatio - CINF
Cintas Corporation,CTAS,Industrial,Cintas Corporation - CTAS
"Cisco Systems, Inc.",CSCO,Information Technology,"Cisco Systems, Inc. - CSCO"
"Citigroup, Inc.",C,Financial,"Citigroup, Inc. - C"
"Citizens Financial Group, Inc.",CFG,Financial,"Citizens Financial Group, Inc. - CFG"
Clorox Company (The),CLX,Consumer,Clorox Company (The) - CLX
CME Group Inc.,CME,Financial,CME Group Inc. - CME
CMS Energy Corporation,CMS,Utilities,CMS Energy Corporation - CMS
Coca-Cola Company (The),KO,Consumer,Coca-Cola Company (The) - KO
Cognizant Technology Solutions ,CTSH,Information Technology,Cognizant Technology Solutions  - CTSH
Colgate-Palmolive Company,CL,Consumer,Colgate-Palmolive Company - CL
Comcast Corporation,CMCSA,Information Technology,Comcast Corporation - CMCSA
Comerica Incorporated,CMA,Financial,Comerica Incorporated - CMA
"ConAgra Brands, Inc.",CAG,Consumer,"ConAgra Brands, Inc. - CAG"
ConocoPhillips,COP,Energy,ConocoPhillips - COP
"Consolidated Edison, Inc.",ED,Utilities,"Consolidated Edison, Inc. - ED"
"Constellation Brands, Inc.",STZ,Consumer,"Constellation Brands, Inc. - STZ"
Constellation Energy Corporatio,CEG,Utilities,Constellation Energy Corporatio - CEG
"Copart, Inc.",CPRT,Industrial,"Copart, Inc. - CPRT"
Corning Incorporated,GLW,Information Technology,Corning Incorporated - GLW
"Corteva, Inc.",CTVA,Materials,"Corteva, Inc. - CTVA"
"CoStar Group, Inc.",CSGP,Real Estate,"CoStar Group, Inc. - CSGP"
Costco Wholesale Corporation,COST,Consumer,Costco Wholesale Corporation - COST
Coterra Energy Inc.,CTRA,Energy,Coterra Energy Inc. - CTRA
Crown Castle Inc.,CCI,Real Estate,Crown Castle Inc. - CCI
CSX Corporation,CSX,Industrial,CSX Corporation - CSX
Cummins Inc.,CMI,Industrial,Cummins Inc. - CMI
CVS Health Corporation,CVS,Health Care,CVS Health Corporation - CVS
"D.R. Horton, Inc.",DHI,Consumer,"D.R. Horton, Inc. - DHI"
Danaher Corporation,DHR,Health Care,Danaher Corporation - DHR
"Darden Restaurants, Inc.",DRI,Consumer,"Darden Restaurants, Inc. - DRI"
DaVita Inc.,DVA,Health Care,DaVita Inc. - DVA
"Dayforce, Inc.",DAY,Industrial,"Dayforce, Inc. - DAY"
DBA Sempra,SRE,Energy,DBA Sempra - SRE
Deere & Company,DE,Industrial,Deere & Company - DE
"Delta Air Lines, Inc.",DAL,Travel,"Delta Air Lines, Inc. - DAL"
DENTSPLY SIRONA Inc.,XRAY,Consumer,DENTSPLY SIRONA Inc. - XRAY
Devon Energy Corporation,DVN,Energy,Devon Energy Corporation - DVN
"DexCom, Inc.",DXCM,Health Care,"DexCom, Inc. - DXCM"
"Diamondback Energy, Inc.",FANG,Energy,"Diamondback Energy, Inc. - FANG"
"Digital Realty Trust, Inc.",DLR,Real Estate,"Digital Realty Trust, Inc. - DLR"
Discover Financial Services,DFS,Financial,Discover Financial Services - DFS
Dollar General Corporation,DG,Consumer,Dollar General Corporation - DG
"Dollar Tree, Inc.",DLTR,Consumer,"Dollar Tree, Inc. - DLTR"
"Dominion Energy, Inc.",D,Utilities,"Dominion Energy, Inc. - D"
Domino's Pizza Inc,DPZ,Consumer,Domino's Pizza Inc - DPZ
Dover Corporation,DOV,Industrial,Dover Corporation - DOV
Dow Inc.,DOW,Materials,Dow Inc. - DOW
DTE Energy Company,DTE,Utilities,DTE Energy Company - DTE
Duke Energy Corporation (Holdin,DUK,Utilities,Duke Energy Corporation (Holdin - DUK
"DuPont de Nemours, Inc.",DD,Materials,"DuPont de Nemours, Inc. - DD"
Eastman Chemical Company,EMN,Materials,Eastman Chemical Company - EMN
"Eaton Corporation, PLC",ETN,Industrial,"Eaton Corporation, PLC - ETN"
eBay Inc.,EBAY,Consumer,eBay Inc. - EBAY
Ecolab Inc.,ECL,Materials,Ecolab Inc. - ECL
Edison International,EIX,Utilities,Edison International - EIX
Edwards Lifesciences Corporatio,EW,Health Care,Edwards Lifesciences Corporatio - EW
Electronic Arts Inc.,EA,Information Technology,Electronic Arts Inc. - EA
"Elevance Health, Inc.",ELV,Health Care,"Elevance Health, Inc. - ELV"
Eli Lilly and Company,LLY,Health Care,Eli Lilly and Company - LLY
Emerson Electric Company,EMR,Industrial,Emerson Electric Company - EMR
"Enphase Energy, Inc.",ENPH,Information Technology,"Enphase Energy, Inc. - ENPH"
Entergy Corporation,ETR,Utilities,Entergy Corporation - ETR
"EOG Resources, Inc.",EOG,Energy,"EOG Resources, Inc. - EOG"
"EPAM Systems, Inc.",EPAM,Information Technology,"EPAM Systems, Inc. - EPAM"
EQT Corporation,EQT,Energy,EQT Corporation - EQT
"Equifax, Inc.",EFX,Industrial,"Equifax, Inc. - EFX"
"Equinix, Inc.",EQIX,Real Estate,"Equinix, Inc. - EQIX"
Equity Residential,EQR,Real Estate,Equity Residential - EQR
"Essex Property Trust, Inc.",ESS,Real Estate,"Essex Property Trust, Inc. - ESS"
"Estee Lauder Companies, Inc. (T",EL,Consumer,"Estee Lauder Companies, Inc. (T - EL"
"Etsy, Inc.",ETSY,Consumer,"Etsy, Inc. - ETSY"
"Everest Group, Ltd.",EG,Financial,"Everest Group, Ltd. - EG"
"Evergy, Inc.",EVRG,Utilities,"Evergy, Inc. - EVRG"
Eversource Energy (D/B/A),ES,Utilities,Eversource Energy (D/B/A) - ES
Exelon Corporation,EXC,Utilities,Exelon Corporation - EXC
"Expedia Group, Inc.",EXPE,Travel,"Expedia Group, Inc. - EXPE"
Expeditors International of Was,EXPD,Industrial,Expeditors International of Was - EXPD
Extra Space Storage Inc,EXR,Real Estate,Extra Space Storage Inc - EXR
Exxon Mobil Corporation,XOM,Energy,Exxon Mobil Corporation - XOM
"F5, Inc.",FFIV,Information Technology,"F5, Inc. - FFIV"
FactSet Research Systems Inc.,FDS,Financial,FactSet Research Systems Inc. - FDS
Fair Isaac Corproation,FICO,Information Technology,Fair Isaac Corproation - FICO
Fastenal Company,FAST,Industrial,Fastenal Company - FAST
Federal Realty Investment Trust,FRT,Real Estate,Federal Realty Investment Trust - FRT
FedEx Corporation,FDX,Industrial,FedEx Corporation - FDX
Fidelity National Information S,FIS,Financial,Fidelity National Information S - FIS
Fifth Third Bancorp,FITB,Financial,Fifth Third Bancorp - FITB
"First Solar, Inc.",FSLR,Information Technology,"First Solar, Inc. - FSLR"
FirstEnergy Corp.,FE,Utilities,FirstEnergy Corp. - FE
"Fiserv, Inc.",FI,Financial,"Fiserv, Inc. - FI"
"FleetCor Technologies, Inc.",FLT,Information Technology,"FleetCor Technologies, Inc. - FLT"
FMC Corporation,FMC,Materials,FMC Corporation - FMC
Ford Motor Company,F,Consumer,Ford Motor Company - F
"Fortinet, Inc.",FTNT,Information Technology,"Fortinet, Inc. - FTNT"
Fortive Corporation,FTV,Industrial,Fortive Corporation - FTV
Fox Corporation,FOX,Information Technology,Fox Corporation - FOX
Fox Corporation,FOXA,Information Technology,Fox Corporation - FOXA
"Franklin Resources, Inc.",BEN,Financial,"Franklin Resources, Inc. - BEN"
"Freeport-McMoRan, Inc.",FCX,Materials,"Freeport-McMoRan, Inc. - FCX"
Garmin Ltd.,GRMN,Consumer,Garmin Ltd. - GRMN
"Gartner, Inc.",IT,Information Technology,"Gartner, Inc. - IT"
GE HealthCare Technologies Inc.,GEHC,Health Care,GE HealthCare Technologies Inc. - GEHC
Gen Digital Inc.,GEN,Information Technology,Gen Digital Inc. - GEN
Generac Holdlings Inc.,GNRC,Industrial,Generac Holdlings Inc. - GNRC
General Dynamics Corporation,GD,Industrial,General Dynamics Corporation - GD
General Electric Company,GE,Industrial,General Electric Company - GE
"General Mills, Inc.",GIS,Consumer,"General Mills, Inc. - GIS"
General Motors Company,GM,Consumer,General Motors Company - GM
Genuine Parts Company,GPC,Consumer,Genuine Parts Company - GPC
"Gilead Sciences, Inc.",GILD,Health Care,"Gilead Sciences, Inc. - GILD"
Global Payments Inc.,GPN,Financial,Global Payments Inc. - GPN
Globe Life Inc.,GL,Financial,Globe Life Inc. - GL
"Goldman Sachs Group, Inc. (The)",GS,Financial,"Goldman Sachs Group, Inc. (The) - GS"
Halliburton Company,HAL,Energy,Halliburton Company - HAL
Hartford Financial Services Gro,HIG,Financial,Hartford Financial Services Gro - HIG
"Hasbro, Inc.",HAS,Consumer,"Hasbro, Inc. - HAS"
"HCA Healthcare, Inc.",HCA,Health Care,"HCA Healthcare, Inc. - HCA"
"Healthpeak Properties, Inc.",DOC,Real Estate,"Healthpeak Properties, Inc. - DOC"
"Henry Schein, Inc.",HSIC,Health Care,"Henry Schein, Inc. - HSIC"
Hess Corporation,HES,Energy,Hess Corporation - HES
Hewlett Packard Enterprise Comp,HPE,Information Technology,Hewlett Packard Enterprise Comp - HPE
Hilton Worldwide Holdings Inc.,HLT,Travel,Hilton Worldwide Holdings Inc. - HLT
"Hologic, Inc.",HOLX,Health Care,"Hologic, Inc. - HOLX"
"Home Depot, Inc. (The)",HD,Consumer,"Home Depot, Inc. (The) - HD"
Honeywell International Inc.,HON,Industrial,Honeywell International Inc. - HON
Hormel Foods Corporation,HRL,Consumer,Hormel Foods Corporation - HRL
"Host Hotels & Resorts, Inc.",HST,Real Estate,"Host Hotels & Resorts, Inc. - HST"
Howmet Aerospace Inc.,HWM,Industrial,Howmet Aerospace Inc. - HWM
HP Inc.,HPQ,Information Technology,HP Inc. - HPQ
Hubbell Inc,HUBB,Industrial,Hubbell Inc - HUBB
Humana Inc.,HUM,Health Care,Humana Inc. - HUM
Huntington Bancshares Incorpora,HBAN,Financial,Huntington Bancshares Incorpora - HBAN
"Huntington Ingalls Industries, ",HII,Industrial,"Huntington Ingalls Industries,  - HII"
IDEX Corporation,IEX,Industrial,IDEX Corporation - IEX
"IDEXX Laboratories, Inc.",IDXX,Health Care,"IDEXX Laboratories, Inc. - IDXX"
Illinois Tool Works Inc.,ITW,Industrial,Illinois Tool Works Inc. - ITW
"Illumina, Inc.",ILMN,Health Care,"Illumina, Inc. - ILMN"
Incyte Corporation,INCY,Health Care,Incyte Corporation - INCY
Ingersoll Rand Inc.,IR,Industrial,Ingersoll Rand Inc. - IR
Insulet Corporation,PODD,Health Care,Insulet Corporation - PODD
Intel Corporation,INTC,Information Technology,Intel Corporation - INTC
Intercontinental Exchange Inc.,ICE,Financial,Intercontinental Exchange Inc. - ICE
International Business Machines,IBM,Information Technology,International Business Machines - IBM
International Flavors & Fragran,IFF,Materials,International Flavors & Fragran - IFF
International Paper Company,IP,Materials,International Paper Company - IP
"Interpublic Group of Companies,",IPG,Information Technology,"Interpublic Group of Companies, - IPG"
Intuit Inc.,INTU,Information Technology,Intuit Inc. - INTU
"Intuitive Surgical, Inc.",ISRG,Health Care,"Intuitive Surgical, Inc. - ISRG"
Invesco Ltd,IVZ,Financial,Invesco Ltd - IVZ
Invitation Homes Inc.,INVH,Real Estate,Invitation Homes Inc. - INVH
"IQVIA Holdings, Inc.",IQV,Health Care,"IQVIA Holdings, Inc. - IQV"
Iron Mountain Incorporated (Del,IRM,Real Estate,Iron Mountain Incorporated (Del - IRM
"J.B. Hunt Transport Services, I",JBHT,Industrial,"J.B. Hunt Transport Services, I - JBHT"
Jabil Inc.,JBL,Information Technology,Jabil Inc. - JBL
"Jack Henry & Associates, Inc.",JKHY,Financial,"Jack Henry & Associates, Inc. - JKHY"
Jacobs Solutions Inc.,J,Industrial,Jacobs Solutions Inc. - J
Johnson & Johnson,JNJ,Health Care,Johnson & Johnson - JNJ
Johnson Controls International ,JCI,Industrial,Johnson Controls International  - JCI
JP Morgan Chase & Co.,JPM,Financial,JP Morgan Chase & Co. - JPM
"Juniper Networks, Inc.",JNPR,Information Technology,"Juniper Networks, Inc. - JNPR"
Kellanova,K,Consumer,Kellanova - K
Kenvue Inc.,KVUE,Consumer,Kenvue Inc. - KVUE
Keurig Dr Pepper Inc.,KDP,Consumer,Keurig Dr Pepper Inc. - KDP
KeyCorp,KEY,Financial,KeyCorp - KEY
Keysight Technologies Inc.,KEYS,Information Technology,Keysight Technologies Inc. - KEYS
Kimberly-Clark Corporation,KMB,Consumer,Kimberly-Clark Corporation - KMB
Kimco Realty Corporation (HC),KIM,Real Estate,Kimco Realty Corporation (HC) - KIM
"Kinder Morgan, Inc.",KMI,Energy,"Kinder Morgan, Inc. - KMI"
KLA Corporation,KLAC,Information Technology,KLA Corporation - KLAC
Kroger Company (The),KR,Consumer,Kroger Company (The) - KR
"L3Harris Technologies, Inc.",LHX,Industrial,"L3Harris Technologies, Inc. - LHX"
Laboratory Corporation of Ameri,LH,Health Care,Laboratory Corporation of Ameri - LH
Lam Research Corporation,LRCX,Information Technology,Lam Research Corporation - LRCX
"Lamb Weston Holdings, Inc.",LW,Consumer,"Lamb Weston Holdings, Inc. - LW"
Las Vegas Sands Corp.,LVS,Consumer,Las Vegas Sands Corp. - LVS
"Leidos Holdings, Inc.",LDOS,Industrial,"Leidos Holdings, Inc. - LDOS"
Lennar Corporation,LEN,Consumer,Lennar Corporation - LEN
Linde plc,LIN,Materials,Linde plc - LIN
"Live Nation Entertainment, Inc.",LYV,Information Technology,"Live Nation Entertainment, Inc. - LYV"
LKQ Corporation,LKQ,Consumer,LKQ Corporation - LKQ
Lockheed Martin Corporation,LMT,Industrial,Lockheed Martin Corporation - LMT
Loews Corporation,L,Financial,Loews Corporation - L
"Lowe's Companies, Inc.",LOW,Consumer,"Lowe's Companies, Inc. - LOW"
lululemon athletica inc.,LULU,Consumer,lululemon athletica inc. - LULU
LyondellBasell Industries NV,LYB,Materials,LyondellBasell Industries NV - LYB
M&T Bank Corporation,MTB,Financial,M&T Bank Corporation - MTB
Marathon Oil Corporation,MRO,Energy,Marathon Oil Corporation - MRO
Marathon Petroleum Corporation,MPC,Energy,Marathon Petroleum Corporation - MPC
"MarketAxess Holdings, Inc.",MKTX,Financial,"MarketAxess Holdings, Inc. - MKTX"
Marriott International,MAR,Travel,Marriott International - MAR
"Marsh & McLennan Companies, Inc",MMC,Financial,"Marsh & McLennan Companies, Inc - MMC"
"Martin Marietta Materials, Inc.",MLM,Materials,"Martin Marietta Materials, Inc. - MLM"
Masco Corporation,MAS,Industrial,Masco Corporation - MAS
Mastercard Incorporated,MA,Financial,Mastercard Incorporated - MA
"Match Group, Inc.",MTCH,Information Technology,"Match Group, Inc. - MTCH"
"McCormick & Company, Incorporat",MKC,Consumer,"McCormick & Company, Incorporat - MKC"
McDonald's Corporation,MCD,Consumer,McDonald's Corporation - MCD
McKesson Corporation,MCK,Health Care,McKesson Corporation - MCK
Medtronic plc.,MDT,Health Care,Medtronic plc. - MDT
"Merck & Company, Inc.",MRK,Health Care,"Merck & Company, Inc. - MRK"
"Meta Platforms, Inc.",META,Information Technology,"Meta Platforms, Inc. - META"
"MetLife, Inc.",MET,Financial,"MetLife, Inc. - MET"
"Mettler-Toledo International, I",MTD,Health Care,"Mettler-Toledo International, I - MTD"
MGM Resorts International,MGM,Travel,MGM Resorts International - MGM
Microchip Technology Incorporat,MCHP,Information Technology,Microchip Technology Incorporat - MCHP
"Micron Technology, Inc.",MU,Information Technology,"Micron Technology, Inc. - MU"
Microsoft Corporation,MSFT,Information Technology,Microsoft Corporation - MSFT
Mid-America Apartment Communiti,MAA,Real Estate,Mid-America Apartment Communiti - MAA
"Moderna, Inc.",MRNA,Health Care,"Moderna, Inc. - MRNA"
"Mohawk Industries, Inc.",MHK,Consumer,"Mohawk Industries, Inc. - MHK"
Molina Healthcare Inc,MOH,Health Care,Molina Healthcare Inc - MOH
Molson Coors Beverage Company,TAP,Consumer,Molson Coors Beverage Company - TAP
"Mondelez International, Inc.",MDLZ,Consumer,"Mondelez International, Inc. - MDLZ"
"Monolithic Power Systems, Inc.",MPWR,Information Technology,"Monolithic Power Systems, Inc. - MPWR"
Monster Beverage Corporation,MNST,Consumer,Monster Beverage Corporation - MNST
Moody's Corporation,MCO,Financial,Moody's Corporation - MCO
Morgan Stanley,MS,Financial,Morgan Stanley - MS
Mosaic Company (The),MOS,Materials,Mosaic Company (The) - MOS
"Motorola Solutions, Inc.",MSI,Information Technology,"Motorola Solutions, Inc. - MSI"
MSCI Inc.,MSCI,Financial,MSCI Inc. - MSCI
"Nasdaq, Inc.",NDAQ,Financial,"Nasdaq, Inc. - NDAQ"
"NetApp, Inc.",NTAP,Information Technology,"NetApp, Inc. - NTAP"
"Netflix, Inc.",NFLX,Information Technology,"Netflix, Inc. - NFLX"
Newmont Corporation,NEM,Materials,Newmont Corporation - NEM
News Corporation,NWS,Information Technology,News Corporation - NWS
News Corporation,NWSA,Information Technology,News Corporation - NWSA
"NextEra Energy, Inc.",NEE,Utilities,"NextEra Energy, Inc. - NEE"
"Nike, Inc.",NKE,Consumer,"Nike, Inc. - NKE"
NiSource Inc,NI,Utilities,NiSource Inc - NI
Nordson Corporation,NDSN,Industrial,Nordson Corporation - NDSN
Norfolk Southern Corporation,NSC,Industrial,Norfolk Southern Corporation - NSC
Northern Trust Corporation,NTRS,Financial,Northern Trust Corporation - NTRS
Northrop Grumman Corporation,NOC,Industrial,Northrop Grumman Corporation - NOC
Norwegian Cruise Line Holdings ,NCLH,Consumer,Norwegian Cruise Line Holdings  - NCLH
"NRG Energy, Inc.",NRG,Utilities,"NRG Energy, Inc. - NRG"
Nucor Corporation,NUE,Materials,Nucor Corporation - NUE
NVIDIA Corporation,NVDA,Information Technology,NVIDIA Corporation - NVDA
"NVR, Inc.",NVR,Consumer,"NVR, Inc. - NVR"
NXP Semiconductors N.V.,NXPI,Information Technology,NXP Semiconductors N.V. - NXPI
Occidental Petroleum Corporatio,OXY,Energy,Occidental Petroleum Corporatio - OXY
"Old Dominion Freight Line, Inc.",ODFL,Industrial,"Old Dominion Freight Line, Inc. - ODFL"
Omnicom Group Inc.,OMC,Information Technology,Omnicom Group Inc. - OMC
ON Semiconductor Corporation,ON,Information Technology,ON Semiconductor Corporation - ON
"ONEOK, Inc.",OKE,Energy,"ONEOK, Inc. - OKE"
Oracle Corporation,ORCL,Information Technology,Oracle Corporation - ORCL
"O'Reilly Automotive, Inc.",ORLY,Consumer,"O'Reilly Automotive, Inc. - ORLY"
Otis Worldwide Corporation,OTIS,Industrial,Otis Worldwide Corporation - OTIS
PACCAR Inc.,PCAR,Industrial,PACCAR Inc. - PCAR
Pacific Gas & Electric Co.,PCG,Utilities,Pacific Gas & Electric Co. - PCG
Packaging Corporation of Americ,PKG,Materials,Packaging Corporation of Americ - PKG
"Palo Alto Networks, Inc.",PANW,Information Technology,"Palo Alto Networks, Inc. - PANW"
Paramount Global,PARA,Information Technology,Paramount Global - PARA
Parker-Hannifin Corporation,PH,Industrial,Parker-Hannifin Corporation - PH
"Paychex, Inc.",PAYX,Industrial,"Paychex, Inc. - PAYX"
"Paycom Software, Inc.",PAYC,Industrial,"Paycom Software, Inc. - PAYC"
"PayPal Holdings, Inc.",PYPL,Financial,"PayPal Holdings, Inc. - PYPL"
Pentair plc.,PNR,Industrial,Pentair plc. - PNR
"Pepsico, Inc.",PEP,Consumer,"Pepsico, Inc. - PEP"
"Pfizer, Inc.",PFE,Health Care,"Pfizer, Inc. - PFE"
Philip Morris International Inc,PM,Consumer,Philip Morris International Inc - PM
Phillips 66,PSX,Energy,Phillips 66 - PSX
Pinnacle West Capital Corporati,PNW,Utilities,Pinnacle West Capital Corporati - PNW
Pioneer Natural Resources Compa,PXD,Energy,Pioneer Natural Resources Compa - PXD
"PNC Financial Services Group, I",PNC,Financial,"PNC Financial Services Group, I - PNC"
Pool Corporation,POOL,Consumer,Pool Corporation - POOL
"PPG Industries, Inc.",PPG,Materials,"PPG Industries, Inc. - PPG"
PPL Corporation,PPL,Utilities,PPL Corporation - PPL
Principal Financial Group Inc,PFG,Financial,Principal Financial Group Inc - PFG
Procter & Gamble Company (The),PG,Consumer,Procter & Gamble Company (The) - PG
Progressive Corporation (The),PGR,Financial,Progressive Corporation (The) - PGR
"Prologis, Inc.",PLD,Real Estate,"Prologis, Inc. - PLD"
"Prudential Financial, Inc.",PRU,Financial,"Prudential Financial, Inc. - PRU"
PTC Inc.,PTC,Information Technology,PTC Inc. - PTC
Public Service Enterprise Group,PEG,Utilities,Public Service Enterprise Group - PEG
Public Storage,PSA,Real Estate,Public Storage - PSA
"PulteGroup, Inc.",PHM,Consumer,"PulteGroup, Inc. - PHM"
"Qorvo, Inc.",QRVO,Information Technology,"Qorvo, Inc. - QRVO"
QUALCOMM Incorporated,QCOM,Information Technology,QUALCOMM Incorporated - QCOM
"Quanta Services, Inc.",PWR,Industrial,"Quanta Services, Inc. - PWR"
Quest Diagnostics Incorporated,DGX,Health Care,Quest Diagnostics Incorporated - DGX
Ralph Lauren Corporation,RL,Consumer,Ralph Lauren Corporation - RL
"Raymond James Financial, Inc.",RJF,Financial,"Raymond James Financial, Inc. - RJF"
Realty Income Corporation,O,Real Estate,Realty Income Corporation - O
Regency Centers Corporation,REG,Real Estate,Regency Centers Corporation - REG
"Regeneron Pharmaceuticals, Inc.",REGN,Health Care,"Regeneron Pharmaceuticals, Inc. - REGN"
Regions Financial Corporation,RF,Financial,Regions Financial Corporation - RF
"Republic Services, Inc.",RSG,Industrial,"Republic Services, Inc. - RSG"
ResMed Inc.,RMD,Health Care,ResMed Inc. - RMD
"Revvity, Inc.",RVTY,Health Care,"Revvity, Inc. - RVTY"
Robert Half Inc.,RHI,Industrial,Robert Half Inc. - RHI
"Rockwell Automation, Inc.",ROK,Industrial,"Rockwell Automation, Inc. - ROK"
"Rollins, Inc.",ROL,Industrial,"Rollins, Inc. - ROL"
"Roper Technologies, Inc.",ROP,Information Technology,"Roper Technologies, Inc. - ROP"
"Ross Stores, Inc.",ROST,Consumer,"Ross Stores, Inc. - ROST"
Royal Caribbean Cruises Ltd.,RCL,Consumer,Royal Caribbean Cruises Ltd. - RCL
RTX Corporation,RTX,Industrial,RTX Corporation - RTX
S&P Global Inc.,SPGI,Financial,S&P Global Inc. - SPGI
"Salesforce, Inc.",CRM,Information Technology,"Salesforce, Inc. - CRM"
SBA Communications Corporation,SBAC,Real Estate,SBA Communications Corporation - SBAC
Schlumberger N.V.,SLB,Energy,Schlumberger N.V. - SLB
Seagate Technology Holdings PLC,STX,Information Technology,Seagate Technology Holdings PLC - STX
"ServiceNow, Inc.",NOW,Information Technology,"ServiceNow, Inc. - NOW"
Sherwin-Williams Company (The),SHW,Materials,Sherwin-Williams Company (The) - SHW
"Simon Property Group, Inc.",SPG,Real Estate,"Simon Property Group, Inc. - SPG"
"Skyworks Solutions, Inc.",SWKS,Information Technology,"Skyworks Solutions, Inc. - SWKS"
Snap-On Incorporated,SNA,Industrial,Snap-On Incorporated - SNA
Southern Company (The),SO,Utilities,Southern Company (The) - SO
Southwest Airlines Company,LUV,Travel,Southwest Airlines Company - LUV
"Stanley Black & Decker, Inc.",SWK,Industrial,"Stanley Black & Decker, Inc. - SWK"
Starbucks Corporation,SBUX,Consumer,Starbucks Corporation - SBUX
State Street Corporation,STT,Financial,State Street Corporation - STT
"Steel Dynamics, Inc.",STLD,Materials,"Steel Dynamics, Inc. - STLD"
STERIS plc (Ireland),STE,Health Care,STERIS plc (Ireland) - STE
Stryker Corporation,SYK,Health Care,Stryker Corporation - SYK
Synchrony Financial,SYF,Financial,Synchrony Financial - SYF
"Synopsys, Inc.",SNPS,Information Technology,"Synopsys, Inc. - SNPS"
Sysco Corporation,SYY,Consumer,Sysco Corporation - SYY
"T. Rowe Price Group, Inc.",TROW,Financial,"T. Rowe Price Group, Inc. - TROW"
"Take-Two Interactive Software, ",TTWO,Information Technology,"Take-Two Interactive Software,  - TTWO"
"Tapestry, Inc.",TPR,Consumer,"Tapestry, Inc. - TPR"
"Targa Resources, Inc.",TRGP,Energy,"Targa Resources, Inc. - TRGP"
Target Corporation,TGT,Consumer,Target Corporation - TGT
TE Connectivity Ltd. New Switze,TEL,Information Technology,TE Connectivity Ltd. New Switze - TEL
Teledyne Technologies Incorpora,TDY,Information Technology,Teledyne Technologies Incorpora - TDY
Teleflex Incorporated,TFX,Health Care,Teleflex Incorporated - TFX
"Teradyne, Inc.",TER,Information Technology,"Teradyne, Inc. - TER"
"Tesla, Inc.",TSLA,Consumer,"Tesla, Inc. - TSLA"
Texas Instruments Incorporated,TXN,Information Technology,Texas Instruments Incorporated - TXN
Textron Inc.,TXT,Industrial,Textron Inc. - TXT
The AES Corporation,AES,Utilities,The AES Corporation - AES
The Bank of New York Mellon Cor,BK,Financial,The Bank of New York Mellon Cor - BK
The Cigna Group,CI,Health Care,The Cigna Group - CI
"The Cooper Companies, Inc.",COO,Health Care,"The Cooper Companies, Inc. - COO"
The Hershey Company,HSY,Consumer,The Hershey Company - HSY
The J.M. Smucker Company,SJM,Consumer,The J.M. Smucker Company - SJM
The Kraft Heinz Company,KHC,Consumer,The Kraft Heinz Company - KHC
"The Travelers Companies, Inc.",TRV,Financial,"The Travelers Companies, Inc. - TRV"
Thermo Fisher Scientific Inc,TMO,Health Care,Thermo Fisher Scientific Inc - TMO
"TJX Companies, Inc. (The)",TJX,Consumer,"TJX Companies, Inc. (The) - TJX"
"T-Mobile US, Inc.",TMUS,Information Technology,"T-Mobile US, Inc. - TMUS"
Tractor Supply Company,TSCO,Consumer,Tractor Supply Company - TSCO
Trane Technologies plc,TT,Industrial,Trane Technologies plc - TT
Transdigm Group Incorporated,TDG,Industrial,Transdigm Group Incorporated - TDG
Trimble Inc.,TRMB,Information Technology,Trimble Inc. - TRMB
Truist Financial Corporation,TFC,Financial,Truist Financial Corporation - TFC
"Tyler Technologies, Inc.",TYL,Information Technology,"Tyler Technologies, Inc. - TYL"
"Tyson Foods, Inc.",TSN,Consumer,"Tyson Foods, Inc. - TSN"
U.S. Bancorp,USB,Financial,U.S. Bancorp - USB
"Uber Technologies, Inc.",UBER,Consumer,"Uber Technologies, Inc. - UBER"
"UDR, Inc.",UDR,Real Estate,"UDR, Inc. - UDR"
"Ulta Beauty, Inc.",ULTA,Consumer,"Ulta Beauty, Inc. - ULTA"
Union Pacific Corporation,UNP,Industrial,Union Pacific Corporation - UNP
"United Airlines Holdings, Inc.",UAL,Travel,"United Airlines Holdings, Inc. - UAL"
"United Parcel Service, Inc.",UPS,Industrial,"United Parcel Service, Inc. - UPS"
"United Rentals, Inc.",URI,Industrial,"United Rentals, Inc. - URI"
UnitedHealth Group Incorporated,UNH,Health Care,UnitedHealth Group Incorporated - UNH
"Universal Health Services, Inc.",UHS,Health Care,"Universal Health Services, Inc. - UHS"
V.F. Corporation,VFC,Consumer,V.F. Corporation - VFC
Valero Energy Corporation,VLO,Energy,Valero Energy Corporation - VLO
"Ventas, Inc.",VTR,Real Estate,"Ventas, Inc. - VTR"
Veralto Corp,VLTO,Industrial,Veralto Corp - VLTO
"VeriSign, Inc.",VRSN,Information Technology,"VeriSign, Inc. - VRSN"
"Verisk Analytics, Inc.",VRSK,Industrial,"Verisk Analytics, Inc. - VRSK"
Verizon Communications Inc.,VZ,Information Technology,Verizon Communications Inc. - VZ
Vertex Pharmaceuticals Incorpor,VRTX,Health Care,Vertex Pharmaceuticals Incorpor - VRTX
Viatris Inc.,VTRS,Health Care,Viatris Inc. - VTRS
VICI Properties Inc.,VICI,Real Estate,VICI Properties Inc. - VICI
Visa Inc.,V,Financial,Visa Inc. - V
Vulcan Materials Company (Holdi,VMC,Materials,Vulcan Materials Company (Holdi - VMC
W.R. Berkley Corporation,WRB,Financial,W.R. Berkley Corporation - WRB
"W.W. Grainger, Inc.",GWW,Industrial,"W.W. Grainger, Inc. - GWW"
"Walgreens Boots Alliance, Inc.",WBA,Consumer,"Walgreens Boots Alliance, Inc. - WBA"
Walmart Inc.,WMT,Consumer,Walmart Inc. - WMT
Walt Disney Company (The),DIS,Consumer,Walt Disney Company (The) - DIS
"Warner Bros. Discovery, Inc. - ",WBD,Consumer,"Warner Bros. Discovery, Inc. -  - WBD"
"Waste Management, Inc.",WM,Industrial,"Waste Management, Inc. - WM"
Waters Corporation,WAT,Health Care,Waters Corporation - WAT
"WEC Energy Group, Inc.",WEC,Utilities,"WEC Energy Group, Inc. - WEC"
Wells Fargo & Company,WFC,Financial,Wells Fargo & Company - WFC
Welltower Inc.,WELL,Real Estate,Welltower Inc. - WELL
"West Pharmaceutical Services, I",WST,Health Care,"West Pharmaceutical Services, I - WST"
Western Digital Corporation,WDC,Information Technology,Western Digital Corporation - WDC
Westinghouse Air Brake Technolo,WAB,Industrial,Westinghouse Air Brake Technolo - WAB
Westrock Company,WRK,Materials,Westrock Company - WRK
Weyerhaeuser Company,WY,Real Estate,Weyerhaeuser Company - WY
Whirlpool Corporation,WHR,Consumer,Whirlpool Corporation - WHR
"Williams Companies, Inc. (The)",WMB,Energy,"Williams Companies, Inc. (The) - WMB"
Willis Towers Watson Public Lim,WTW,Financial,Willis Towers Watson Public Lim - WTW
"Wynn Resorts, Limited",WYNN,Consumer,"Wynn Resorts, Limited - WYNN"
Xcel Energy Inc.,XEL,Utilities,Xcel Energy Inc. - XEL
Xylem Inc.,XYL,Industrial,Xylem Inc. - XYL
"Yum! Brands, Inc.",YUM,Consumer,"Yum! Brands, Inc. - YUM"
Zebra Technologies Corporation,ZBRA,Information Technology,Zebra Technologies Corporation - ZBRA
"Zimmer Biomet Holdings, Inc.",ZBH,Health Care,"Zimmer Biomet Holdings, Inc. - ZBH"
Zions Bancorporation N.A.,ZION,Financial,Zions Bancorporation N.A. - ZION
Zoetis Inc.,ZTS,Health Care,Zoetis Inc. - ZTS
